,AAPL,,AMZN,,SMI,,NTGR,,PLT,,BRK.A,,XOM,,UHAL,,HRI,,DF
Date,Close,Date,Close,Date,Close,Date,Close,Date,Close,Date,Close,Date,Close,Date,Close,Date,Close,Date,Close
7/6/2012 16:00:00,86.55,41096.66667,225.05,41096.66667,1.54,41096.66667,36.26,41096.66667,33.72,41096.66667,123897.57,41096.66667,84.8,41096.66667,93.58,41096.66667,200.1,41096.66667,33.52
7/13/2012 16:00:00,86.42,41103.66667,218.39,41103.66667,1.58,41103.66667,33.11,41103.66667,32.52,41103.66667,126625,41103.66667,85.47,41103.66667,94.66,41103.66667,185.1,41103.66667,29.04
7/20/2012 16:00:00,86.33,41110.66667,228.29,41110.66667,1.49,41110.66667,33.29,41110.66667,32.39,41110.66667,125730,41110.66667,85.95,41110.66667,92.62,41110.66667,179.1,41110.66667,24.26
7/27/2012 16:00:00,83.59,41117.66667,237.32,41117.66667,1.82,41117.66667,34.44,41117.66667,33.29,41117.66667,127735,41117.66667,87.45,41117.66667,93.48,41117.66667,172.05,41117.66667,24.54
8/3/2012 16:00:00,87.96,41124.66667,234.97,41124.66667,1.72,41124.66667,35.34,41124.66667,33.2,41124.66667,128479,41124.66667,87.55,41124.66667,92.75,41124.66667,175.65,41124.66667,24.42
8/10/2012 16:00:00,88.81,41131.66667,232.75,41131.66667,1.88,41131.66667,37.76,41131.66667,36.8,41131.66667,127175,41131.66667,88.44,41131.66667,91.56,41131.66667,181.65,41131.66667,33.26
8/17/2012 16:00:00,92.59,41138.66667,241.17,41138.66667,1.85,41138.66667,39.44,41138.66667,36.54,41138.66667,128880,41138.66667,88.4,41138.66667,99.02,41138.66667,194.55,41138.66667,32.62
8/24/2012 16:00:00,94.746,41145.66667,245.74,41145.66667,1.91,41145.66667,37.49,41145.66667,35.26,41145.66667,128224.9,41145.66667,88.05,41145.66667,97.48,41145.66667,197.25,41145.66667,32.76
8/31/2012 16:00:00,95.03,41152.66667,248.27,41152.66667,1.86,41152.66667,36.57,41152.66667,35.66,41152.66667,126559.9,41152.66667,87.3,41152.66667,93.05,41152.66667,212.7,41152.66667,32.84
9/7/2012 16:00:00,97.21,41159.66667,259.14,41159.66667,1.85,41159.66667,38.88,41159.66667,36.58,41159.66667,129942,41159.66667,89.92,41159.66667,101.85,41159.66667,223.5,41159.66667,32.82
9/14/2012 16:00:00,98.75,41166.66667,261.27,41166.66667,1.96,41166.66667,39.25,41166.66667,37.66,41166.66667,133000,41166.66667,92.3,41166.66667,107.67,41166.66667,225,41166.66667,32.26
9/21/2012 16:00:00,100.014,41173.66667,257.47,41173.66667,1.84,41173.66667,38.32,41173.66667,36.15,41173.66667,134584,41173.66667,91.92,41173.66667,102.9,41173.66667,222.3,41173.66667,31.14
9/28/2012 16:00:00,95.301,41180.66667,254.32,41180.66667,1.8,41180.66667,38.14,41180.66667,35.33,41180.66667,132700,41180.66667,91.45,41180.66667,106.36,41180.66667,205.95,41180.66667,32.7
10/5/2012 16:00:00,93.23,41187.66667,258.51,41187.66667,1.9,41187.66667,37.11,41187.66667,35.24,41187.66667,135555,41187.66667,92.55,41187.66667,109.44,41187.66667,214.05,41187.66667,30.8
10/12/2012 16:00:00,89.959,41194.66667,242.36,41194.66667,1.83,41194.66667,37.18,41194.66667,34.13,41194.66667,132501.99,41194.66667,91.03,41194.66667,110.63,41194.66667,222.45,41194.66667,29.92
10/19/2012 16:00:00,87.12,41201.66667,240,41201.66667,1.96,41201.66667,37.32,41201.66667,32.94,41201.66667,133841,41201.66667,92.15,41201.66667,113.73,41201.66667,215.1,41201.66667,36.6
10/26/2012 16:00:00,86.29,41208.66667,238.24,41208.66667,1.88,41208.66667,35.32,41208.66667,32.95,41208.66667,129725,41208.66667,90.62,41208.66667,112.66,41208.66667,200.55,41208.66667,33.48
11/2/2012 16:00:00,82.4,41215.66667,232.4224,41215.66667,1.94,41215.66667,34.98,41215.66667,32.94,41215.66667,130550,41215.66667,90.27,41215.66667,114.35,41215.66667,196.5,41215.66667,33
11/9/2012 16:00:00,78.151,41222.66667,226.31,41222.66667,2.3,41222.66667,34.44,41222.66667,32.84,41222.66667,127585,41222.66667,87.21,41222.66667,118.05,41222.66667,215.1,41222.66667,33.48
11/16/2012 16:00:00,75.3826,41229.66667,225.23,41229.66667,2.29,41229.66667,33.46,41229.66667,31.3,41229.66667,129344.9,41229.66667,86.45,41229.66667,112.11,41229.66667,218.1,41229.66667,33.2
11/23/2012 13:00:00,81.6429,41236.54167,239.88,41236.54167,2.41,41236.54167,34.2,41236.54167,32.85,41236.54167,132606.01,41236.54167,89.09,41236.54167,116.01,41236.54167,225,41236.54167,33.98
11/30/2012 16:00:00,83.61,41243.66667,252.05,41243.66667,2.39,41243.66667,34.86,41243.66667,33.63,41243.66667,131916,41243.66667,88.14,41243.66667,120.01,41243.66667,234.6,41243.66667,34.28
12/7/2012 16:00:00,76.18,41250.66667,253.2681,41250.66667,2.45,41250.66667,35.31,41250.66667,33.95,41250.66667,131090,41250.66667,88.6,41250.66667,118.38,41250.66667,241.5,41250.66667,34.22
12/14/2012 16:00:00,72.828,41257.66667,249.19,41257.66667,2.42,41257.66667,36.5,41257.66667,34.57,41257.66667,133795,41257.66667,88.08,41257.66667,116.78,41257.66667,238.95,41257.66667,32.92
12/21/2012 16:00:00,74.19,41264.66667,256.92,41264.66667,2.3,41264.66667,39.27,41264.66667,36.86,41264.66667,134800,41264.66667,87.23,41264.66667,120.92,41264.66667,247.5,41264.66667,33.12
12/28/2012 16:00:00,72.7985,41271.66667,245.18,41271.66667,2.42,41271.66667,38.85,41271.66667,35.97,41271.66667,133000,41271.66667,85.1,41271.66667,122,41271.66667,237.3,41271.66667,32.24
1/4/2013 16:00:00,75.29,41278.66667,259.15,41278.66667,2.72,41278.66667,39.5392,41278.66667,37.57,41278.66667,140803.07,41278.66667,88.96,41278.66667,132.89,41278.66667,260.1,41278.66667,35.12
1/11/2013 16:00:00,74.33,41285.66667,267.94,41285.66667,3.06,41285.66667,39.06,41285.66667,37.38,41285.66667,141525,41285.66667,89.61,41285.66667,131.53,41285.66667,263.1,41285.66667,35.6
1/18/2013 16:00:00,71.43,41292.66667,272.12,41292.66667,3.08,41292.66667,39.73,41292.66667,37.84,41292.66667,143502,41292.66667,90.8,41292.66667,130.79,41292.66667,267.6,41292.66667,36.74
1/25/2013 16:00:00,62.84,41299.66667,283.99,41299.66667,3.04,41299.66667,40.11,41299.66667,39.26,41299.66667,147290,41299.66667,91.73,41299.66667,132.4,41299.66667,271.8,41299.66667,37.02
2/1/2013 16:00:00,64.803,41306.66667,265,41306.66667,3.09,41306.66667,36,41306.66667,40,41306.66667,147086.18,41306.66667,90.04,41306.66667,134.23,41306.66667,280.35,41306.66667,36.48
2/8/2013 16:00:00,67.85,41313.66667,261.95,41313.66667,2.82,41313.66667,36.91,41313.66667,40.15,41313.66667,146374,41313.66667,88.61,41313.66667,138.34,41313.66667,276.6,41313.66667,37.64
2/15/2013 16:00:00,65.74,41320.66667,265.09,41320.66667,2.9,41320.66667,33.69,41320.66667,41.05,41320.66667,150141,41320.66667,88.36,41320.66667,151.82,41320.66667,292.65,41320.66667,32.68
2/22/2013 16:00:00,64.4,41327.66667,265.42,41327.66667,2.72,41327.66667,33.7,41327.66667,40.92,41327.66667,152009,41327.66667,89.2,41327.66667,151.1,41327.66667,280.95,41327.66667,31.68
3/1/2013 16:00:00,61.5,41334.66667,265.74,41334.66667,2.9,41334.66667,33.75,41334.66667,40.53,41334.66667,152750,41334.66667,89.43,41334.66667,150.9,41334.66667,297.3,41334.66667,33.84
3/8/2013 16:00:00,61.67,41341.66667,274.19,41341.66667,2.91,41341.66667,34.782,41341.66667,42.68,41341.66667,155411.26,41341.66667,88.97,41341.66667,158.7,41341.66667,312.15,41341.66667,35.66
3/15/2013 16:00:00,63.38,41348.66667,261.82,41348.66667,2.8,41348.66667,34.735,41348.66667,43.08,41348.66667,153500,41348.66667,89.37,41348.66667,166.21,41348.66667,319.2,41348.66667,36.8
3/22/2013 16:00:00,65.99,41355.66667,257.75,41355.66667,3.02,41355.66667,33.39,41355.66667,43.47,41355.66667,153741,41355.66667,89.29,41355.66667,174.35,41355.66667,321.3,41355.66667,36.62
3/28/2013 16:00:00,63.24,41361.66667,266.49,41361.66667,2.92,41361.66667,33.51,41361.66667,44.19,41361.66667,156280,41361.66667,90.11,41361.66667,173.54,41361.66667,333.9,41361.66667,36.26
4/5/2013 16:00:00,60.457,41369.66667,255.48,41369.66667,2.88,41369.66667,31.89,41369.66667,43.04,41369.66667,156330,41369.66667,89.01,41369.66667,164.36,41369.66667,338.4,41369.66667,34.72
4/12/2013 16:00:00,61.4,41376.66667,272.87,41376.66667,3.01,41376.66667,32.1,41376.66667,44.6,41376.66667,160525,41376.66667,88.99,41376.66667,163.9,41376.66667,358.2,41376.66667,36.86
4/19/2013 16:00:00,55.79,41383.66667,260.32,41383.66667,3.24,41383.66667,27.26,41383.66667,42.26,41383.66667,157861,41383.66667,87.45,41383.66667,156.25,41383.66667,355.8,41383.66667,37.64
4/26/2013 16:00:00,59.601,41390.66667,254.81,41390.66667,3.58,41390.66667,28.82,41390.66667,43.31,41390.66667,160618,41390.66667,88,41390.66667,157.24,41390.66667,362.85,41390.66667,37.92
5/3/2013 16:00:00,64.28,41397.66667,258.05,41397.66667,3.92,41397.66667,29.92,41397.66667,44.96,41397.66667,162904,41397.66667,90.02,41397.66667,162.66,41397.66667,364.5,41397.66667,38.76
5/10/2013 16:00:00,64.71,41404.66667,263.63,41404.66667,4.06,41404.66667,31.52,41404.66667,46.15,41404.66667,167780,41404.66667,90.14,41404.66667,168.8,41404.66667,372.75,41404.66667,37.96
5/17/2013 16:00:00,61.89,41411.66667,269.9,41411.66667,4.09,41411.66667,32.95,41411.66667,46.54,41411.66667,169400,41411.66667,91.76,41411.66667,171.7,41411.66667,389.7,41411.66667,41.9
5/24/2013 16:00:00,63.5929,41418.66667,261.74,41418.66667,4.36,41418.66667,32.84,41418.66667,45.47,41418.66667,166020,41418.66667,91.53,41418.66667,170.75,41418.66667,378,41418.66667,20.2
5/31/2013 16:00:00,64.248,41425.66667,269.2,41425.66667,4.01,41425.66667,33.28,41425.66667,46.2,41425.66667,171300,41425.66667,90.47,41425.66667,172.4,41425.66667,387.45,41425.66667,20.98
6/7/2013 16:00:00,63.116,41432.66667,276.87,41432.66667,4.04,41432.66667,33.07,41432.66667,46.54,41432.66667,172900,41432.66667,91.45,41432.66667,171.9,41432.66667,383.7,41432.66667,20.5
6/14/2013 16:00:00,61.436,41439.66667,273.99,41439.66667,3.79,41439.66667,32.43,41439.66667,45.74,41439.66667,171259,41439.66667,90.58,41439.66667,171.27,41439.66667,366.45,41439.66667,20.32
6/21/2013 16:00:00,59.0714,41446.66667,273.36,41446.66667,3.76,41446.66667,33.22,41446.66667,44.33,41446.66667,168200,41446.66667,89.48,41446.66667,165.72,41446.66667,348.6,41446.66667,19.98
6/28/2013 16:00:00,56.65,41453.66667,277.69,41453.66667,3.65,41453.66667,30.54,41453.66667,43.92,41453.66667,168600,41453.66667,90.35,41453.66667,161.9,41453.66667,372,41453.66667,20.04
7/5/2013 16:00:00,59.63,41460.66667,285.88,41460.66667,3.88,41460.66667,32.38,41460.66667,46.65,41460.66667,172201,41460.66667,91.57,41460.66667,171.51,41460.66667,390.75,41460.66667,20.24
7/12/2013 16:00:00,60.93,41467.66667,307.55,41467.66667,4.04,41467.66667,33.63,41467.66667,48.03,41467.66667,175505,41467.66667,93.4,41467.66667,171,41467.66667,411.3,41467.66667,21.16
7/19/2013 16:00:00,60.71,41474.66667,305.23,41474.66667,3.8,41474.66667,33.39,41474.66667,47.81,41474.66667,178275,41474.66667,95.17,41474.66667,172.31,41474.66667,409.95,41474.66667,20.9
7/26/2013 16:00:00,63,41481.66667,312.01,41481.66667,3.84,41481.66667,30,41481.66667,46.16,41481.66667,175926,41481.66667,94.79,41481.66667,164.79,41481.66667,403.35,41481.66667,21.4
8/2/2013 16:00:00,66.08,41488.66667,304.21,41488.66667,3.71,41488.66667,30.83,41488.66667,47.53,41488.66667,176500,41488.66667,91.95,41488.66667,167.81,41488.66667,374.85,41488.66667,22.5
8/9/2013 16:00:00,64.92,41495.66667,297.26,41495.66667,4.05,41495.66667,29.64,41495.66667,44.32,41495.66667,175100,41495.66667,90.72,41495.66667,179.86,41495.66667,370.35,41495.66667,20.92
8/16/2013 16:00:00,71.76,41502.66667,284.82,41502.66667,3.73,41502.66667,29.67,41502.66667,44.06,41502.66667,173122,41502.66667,87.91,41502.66667,172.27,41502.66667,369.9,41502.66667,19.66
8/23/2013 16:00:00,71.57,41509.66667,290.01,41509.66667,3.81,41509.66667,29.72,41509.66667,44.62,41509.66667,171320.46,41509.66667,87.52,41509.66667,171.15,41509.66667,378.9,41509.66667,19.38
8/30/2013 16:00:00,69.602,41516.66667,280.98,41516.66667,3.55,41516.66667,28.94,41516.66667,43.2,41516.66667,167050,41516.66667,87.16,41516.66667,163.6,41516.66667,360.45,41516.66667,19.16
9/6/2013 16:00:00,71.17,41523.66667,295.86,41523.66667,3.71,41523.66667,28.41,41523.66667,43.78,41523.66667,167565,41523.66667,87.25,41523.66667,164.03,41523.66667,378.9,41523.66667,18.62
9/13/2013 16:00:00,66.41,41530.66667,297.92,41530.66667,3.57,41530.66667,29.87,41530.66667,45.88,41530.66667,170155,41530.66667,88.4,41530.66667,166.51,41530.66667,403.35,41530.66667,19.43
9/20/2013 16:00:00,66.77,41537.66667,316.34,41537.66667,3.5,41537.66667,30.52,41537.66667,47.46,41537.66667,175000,41537.66667,88.66,41537.66667,188.53,41537.66667,389.85,41537.66667,19.1
9/27/2013 16:00:00,68.96,41544.66667,316.01,41544.66667,3.51,41544.66667,30.97,41544.66667,46.46,41544.66667,172210,41544.66667,86.9,41544.66667,187.5,41544.66667,334.8,41544.66667,19.13
10/4/2013 16:00:00,69.004,41551.66667,319.04,41551.66667,3.72,41551.66667,31.14,41551.66667,46,41551.66667,170743,41551.66667,86.32,41551.66667,195.39,41551.66667,346.05,41551.66667,18.26
10/11/2013 16:00:00,70.402,41558.66667,310.889,41558.66667,3.96,41558.66667,31.49,41558.66667,46.68,41558.66667,173605,41558.66667,86.95,41558.66667,197.22,41558.66667,351.9,41558.66667,17.95
10/18/2013 16:00:00,72.7,41565.66667,328.931,41565.66667,4.11,41565.66667,32.21,41565.66667,49.04,41565.66667,175400,41565.66667,87.55,41565.66667,198.45,41565.66667,354.9,41565.66667,18.28
10/25/2013 16:00:00,75.137,41572.66667,363.39,41572.66667,3.71,41572.66667,29.08,41572.66667,48.87,41572.66667,175435,41572.66667,87.97,41572.66667,205.67,41572.66667,357.6,41572.66667,19.6
11/1/2013 16:00:00,74.29,41579.66667,359.002,41579.66667,3.58,41579.66667,28.88,41579.66667,42.96,41579.66667,173122.5,41579.66667,89.82,41579.66667,202.38,41579.66667,341.25,41579.66667,19.55
11/8/2013 16:00:00,74.366,41586.66667,350.31,41586.66667,3.58,41586.66667,29.84,41586.66667,42.77,41586.66667,173201,41586.66667,92.73,41586.66667,224.03,41586.66667,320.25,41586.66667,19.39
11/15/2013 16:00:00,74.999,41593.66667,369.17,41593.66667,3.66,41593.66667,31.54,41593.66667,43.8,41593.66667,174300,41593.66667,95.27,41593.66667,226.89,41593.66667,355.2,41593.66667,18.26
11/22/2013 16:00:00,74.26,41600.66667,372.31,41600.66667,3.73,41600.66667,31.67,41600.66667,44.19,41600.66667,174850,41600.66667,95.01,41600.66667,228.45,41600.66667,360,41600.66667,18.14
11/29/2013 16:00:00,79.44,41607.66667,393.62,41607.66667,4.05,41607.66667,32.11,41607.66667,44.73,41607.66667,174750,41607.66667,93.48,41607.66667,231.73,41607.66667,363.9,41607.66667,17.98
12/6/2013 16:00:00,80.0029,41614.66667,386.95,41614.66667,3.96,41614.66667,32,41614.66667,43.94,41614.66667,174940,41614.66667,95.65,41614.66667,225.68,41614.66667,371.25,41614.66667,18.43
12/13/2013 16:00:00,79.2,41621.66667,384.24,41621.66667,3.76,41621.66667,30.78,41621.66667,42.92,41621.66667,171100,41621.66667,95.31,41621.66667,224,41621.66667,371.85,41621.66667,17
12/20/2013 16:00:00,78.4314,41628.66667,402.2,41628.66667,3.72,41628.66667,31.9,41628.66667,44.77,41628.66667,175600,41628.66667,98.68,41628.66667,230.85,41628.66667,386.25,41628.66667,16.97
12/27/2013 16:00:00,80.01,41635.66667,398.08,41635.66667,3.76,41635.66667,32.8,41635.66667,46.27,41635.66667,177160,41635.66667,101.51,41635.66667,238.12,41635.66667,386.25,41635.66667,17.15
1/3/2014 16:00:00,77.28,41642.66667,396.44,41642.66667,3.97,41642.66667,32.52,41642.66667,45.66,41642.66667,176336,41642.66667,99.51,41642.66667,242.45,41642.66667,427.5,41642.66667,17.58
1/10/2014 16:00:00,76.13,41649.66667,397.66,41649.66667,3.98,41649.66667,32.97,41649.66667,45.26,41649.66667,172540,41649.66667,100.52,41649.66667,240.63,41649.66667,416.1,41649.66667,17.2
1/17/2014 16:00:00,77.24,41656.66667,399.61,41656.66667,4.56,41656.66667,33.48,41656.66667,44.22,41656.66667,172350,41656.66667,99.16,41656.66667,239.57,41656.66667,406.2,41656.66667,17.01
1/24/2014 16:00:00,78.01,41663.66667,387.6,41663.66667,4.59,41663.66667,32.58,41663.66667,42.97,41663.66667,168500,41663.66667,94.85,41663.66667,225.25,41663.66667,401.25,41663.66667,16.51
1/31/2014 16:00:00,71.51,41670.66667,358.69,41670.66667,4.92,41670.66667,31.91,41670.66667,42.93,41670.66667,169511.9,41670.66667,92.16,41670.66667,222.73,41670.66667,390.3,41670.66667,15.8
2/7/2014 16:00:00,74.24,41677.66667,361.08,41677.66667,5.1,41677.66667,32.47,41677.66667,42.13,41677.66667,169010,41677.66667,90.58,41677.66667,236.75,41677.66667,392.4,41677.66667,15.08
2/14/2014 16:00:00,77.7129,41684.66667,357.35,41684.66667,5.31,41684.66667,33.62,41684.66667,42.56,41684.66667,172425,41684.66667,94.11,41684.66667,233.63,41684.66667,385.5,41684.66667,14.68
2/21/2014 16:00:00,75.04,41691.66667,346.76,41691.66667,3.98,41691.66667,34.22,41691.66667,43.67,41691.66667,170120,41691.66667,95.03,41691.66667,227.15,41691.66667,412.5,41691.66667,14.43
2/28/2014 16:00:00,75.18,41698.66667,362.1,41698.66667,4.25,41698.66667,34.18,41698.66667,44.38,41698.66667,173708,41698.66667,96.27,41698.66667,232.94,41698.66667,420.15,41698.66667,14.79
3/7/2014 16:00:00,75.78,41705.66667,372.06,41705.66667,4.15,41705.66667,34.69,41705.66667,46.09,41705.66667,183772,41705.66667,94.99,41705.66667,236.2,41705.66667,417.6,41705.66667,14.84
3/14/2014 16:00:00,74.96,41712.66667,373.74,41712.66667,3.89,41712.66667,33.15,41712.66667,44.65,41712.66667,183860,41712.66667,93.47,41712.66667,228.7,41712.66667,389.7,41712.66667,14.82
3/21/2014 16:00:00,76.1243,41719.66667,360.62,41719.66667,3.95,41719.66667,35.04,41719.66667,45.73,41719.66667,187850,41719.66667,94.31,41719.66667,229.14,41719.66667,411.3,41719.66667,15.15
3/28/2014 16:00:00,76.69,41726.66667,338.29,41726.66667,3.8,41726.66667,33.4,41726.66667,43.12,41726.66667,185149,41726.66667,97.7,41726.66667,227.02,41726.66667,388.2,41726.66667,15.24
4/4/2014 16:00:00,75.97,41733.66667,323,41733.66667,3.94,41733.66667,32.99,41733.66667,42.5,41733.66667,185753,41733.66667,97.36,41733.66667,232.32,41733.66667,404.7,41733.66667,16.29
4/11/2014 16:00:00,74.23,41740.66667,311.73,41740.66667,3.82,41740.66667,32.99,41740.66667,41.86,41740.66667,182759.5,41740.66667,96.72,41740.66667,233.82,41740.66667,392.55,41740.66667,15.1
4/17/2014 16:00:00,74.99,41746.66667,324.91,41746.66667,3.97,41746.66667,33.61,41746.66667,42.63,41746.66667,190639,41746.66667,100.42,41746.66667,248.53,41746.66667,421.05,41746.66667,15.52
4/25/2014 16:00:00,81.71,41754.66667,303.83,41754.66667,4.15,41754.66667,32.27,41754.66667,42.29,41754.66667,190686,41754.66667,100.41,41754.66667,247.8,41754.66667,417.3,41754.66667,15.58
5/2/2014 16:00:00,84.65,41761.66667,308.01,41761.66667,4.14,41761.66667,32.14,41761.66667,42.66,41761.66667,192255,41761.66667,102.01,41761.66667,257.36,41761.66667,438.9,41761.66667,15.75
5/9/2014 16:00:00,83.6489,41768.66667,292.24,41768.66667,3.97,41768.66667,32.29,41768.66667,43.87,41768.66667,190883.01,41768.66667,101.95,41768.66667,269,41768.66667,419.4,41768.66667,14.69
5/16/2014 16:00:00,85.36,41775.66667,297.7,41775.66667,4.1,41775.66667,33.04,41775.66667,43.56,41775.66667,190210,41775.66667,100.74,41775.66667,263.64,41775.66667,426,41775.66667,15.55
5/23/2014 16:00:00,87.7329,41782.66667,312.24,41782.66667,4.21,41782.66667,33.5,41782.66667,44.76,41782.66667,190205,41782.66667,101.32,41782.66667,266.15,41782.66667,438.3,41782.66667,16.75
5/30/2014 16:00:00,90.43,41789.66667,312.55,41789.66667,4.2,41789.66667,32.875,41789.66667,45.34,41789.66667,192000,41789.66667,100.53,41789.66667,276.1,41789.66667,442.8,41789.66667,17.38
6/6/2014 16:00:00,92.22,41796.66667,329.67,41796.66667,4.06,41796.66667,33.78,41796.66667,46.52,41796.66667,192895,41796.66667,101.6,41796.66667,295.03,41796.66667,415.95,41796.66667,17.6
6/13/2014 16:00:00,91.28,41803.66667,326.27,41803.66667,4.07,41803.66667,34.08,41803.66667,46.68,41803.66667,189520,41803.66667,102.65,41803.66667,282.44,41803.66667,397.65,41803.66667,17.71
6/20/2014 16:00:00,90.91,41810.66667,324.2,41810.66667,3.88,41810.66667,33.73,41810.66667,46.7,41810.66667,190500,41810.66667,103.83,41810.66667,288.43,41810.66667,429.6,41810.66667,17.58
6/27/2014 16:00:00,91.98,41817.66667,324.57,41817.66667,4.26,41817.66667,34.88,41817.66667,47.88,41817.66667,190559,41817.66667,101.21,41817.66667,285.14,41817.66667,419.7,41817.66667,17.78
7/3/2014 16:00:00,94.03,41823.66667,337.492,41823.66667,4.49,41823.66667,35.27,41823.66667,49.66,41823.66667,193600,41823.66667,102.59,41823.66667,291.61,41823.66667,434.25,41823.66667,17.74
7/11/2014 16:00:00,95.22,41831.66667,346.2,41831.66667,4.72,41831.66667,33.77,41831.66667,47.16,41831.66667,192900,41831.66667,101.74,41831.66667,288.55,41831.66667,430.5,41831.66667,17.46
7/18/2014 16:00:00,94.43,41838.66667,358.66,41838.66667,4.82,41838.66667,33.92,41838.66667,47.9,41838.66667,192487,41838.66667,102.73,41838.66667,288.05,41838.66667,431.7,41838.66667,17.61
7/25/2014 16:00:00,97.671,41845.66667,324.01,41845.66667,4.63,41845.66667,31.59,41845.66667,46.74,41845.66667,191224.94,41845.66667,103.18,41845.66667,275.5,41845.66667,426.6,41845.66667,16.2
8/1/2014 16:00:00,96.13,41852.66667,307.06,41852.66667,4.48,41852.66667,31.3,41852.66667,46.4,41852.66667,189279,41852.66667,98.8,41852.66667,262.01,41852.66667,416.4,41852.66667,15.31
8/8/2014 16:00:00,94.74,41859.66667,316.8,41859.66667,4.4,41859.66667,33.26,41859.66667,46.58,41859.66667,196253,41859.66667,99.74,41859.66667,263,41859.66667,410.1,41859.66667,15.81
8/15/2014 16:00:00,97.98,41866.66667,333.63,41866.66667,4.5,41866.66667,32.97,41866.66667,46.79,41866.66667,201227,41866.66667,99.03,41866.66667,274.8,41866.66667,452.1,41866.66667,16.1
8/22/2014 16:00:00,101.32,41873.66667,331.59,41873.66667,4.63,41873.66667,32.97,41873.66667,47.15,41873.66667,203532,41873.66667,98.5,41873.66667,285.1,41873.66667,459.15,41873.66667,16.02
8/29/2014 16:00:00,102.5,41880.66667,339.04,41880.66667,4.6,41880.66667,33.22,41880.66667,47.73,41880.66667,205880,41880.66667,99.46,41880.66667,277.81,41880.66667,443.25,41880.66667,16.18
9/5/2014 16:00:00,98.97,41887.66667,346.38,41887.66667,4.68,41887.66667,33.03,41887.66667,47.41,41887.66667,206700,41887.66667,99.26,41887.66667,274.2,41887.66667,426.9,41887.66667,15.55
9/12/2014 16:00:00,101.66,41894.66667,331.19,41894.66667,4.84,41894.66667,32.91,41894.66667,49.03,41894.66667,205635.0001,41894.66667,95.78,41894.66667,267.25,41894.66667,415.05,41894.66667,15.64
9/19/2014 16:00:00,100.96,41901.66667,331.32,41901.66667,5.1,41901.66667,32.84,41901.66667,49.98,41901.66667,212000,41901.66667,97.12,41901.66667,272.12,41901.66667,418.5,41901.66667,14.34
9/26/2014 16:00:00,100.75,41908.66667,323.21,41908.66667,5.22,41908.66667,31.65,41908.66667,48.56,41908.66667,208133,41908.66667,95.43,41908.66667,266.04,41908.66667,397.65,41908.66667,13.28
10/3/2014 16:00:00,99.62,41915.66667,322.74,41915.66667,5.1,41915.66667,31.44,41915.66667,46.81,41915.66667,208750,41915.66667,93.92,41915.66667,259.26,41915.66667,359.4,41915.66667,12.88
10/10/2014 16:00:00,100.73,41922.66667,311.39,41922.66667,4.82,41922.66667,29.97,41922.66667,43.27,41922.66667,205150,41922.66667,91.6,41922.66667,250.73,41922.66667,309,41922.66667,12.8
10/17/2014 16:00:00,97.67,41929.66667,303.64,41929.66667,5.03,41929.66667,31.45,41929.66667,44.59,41929.66667,205505,41929.66667,91.21,41929.66667,252.61,41929.66667,302.7,41929.66667,13.53
10/24/2014 16:00:00,105.22,41936.66667,287.06,41936.66667,5.1,41936.66667,32.87,41936.66667,47.71,41936.66667,209251,41936.66667,94.49,41936.66667,265.21,41936.66667,319.35,41936.66667,14.59
10/31/2014 16:00:00,108,41943.66667,305.46,41943.66667,5.14,41943.66667,34.04,41943.66667,51.87,41943.66667,210000,41943.66667,96.71,41943.66667,271.12,41943.66667,328.8,41943.66667,14.71
11/7/2014 16:00:00,109.01,41950.66667,299.86,41950.66667,4.9,41950.66667,34.49,41950.66667,52.15,41950.66667,214970,41950.66667,96.59,41950.66667,278.63,41950.66667,327.6,41950.66667,14.42
11/14/2014 16:00:00,114.18,41957.66667,327.82,41957.66667,5.46,41957.66667,34.59,41957.66667,51.84,41957.66667,218023,41957.66667,95.09,41957.66667,277.5,41957.66667,325.35,41957.66667,16.61
11/21/2014 16:00:00,116.47,41964.66667,332.63,41964.66667,5.41,41964.66667,34.39,41964.66667,51.38,41964.66667,219935,41964.66667,96.81,41964.66667,277.42,41964.66667,356.55,41964.66667,17.11
11/28/2014 16:00:00,118.93,41971.66667,338.64,41971.66667,5.13,41971.66667,34.72,41971.66667,52.17,41971.66667,223065,41971.66667,90.54,41971.66667,278.2,41971.66667,356.1,41971.66667,17.05
12/5/2014 16:00:00,115,41978.66667,312.63,41978.66667,4.95,41978.66667,36.27,41978.66667,52.81,41978.66667,225640,41978.66667,93.82,41978.66667,286.63,41978.66667,363.3,41978.66667,17.09
12/12/2014 16:00:00,109.73,41985.66667,307.32,41985.66667,4.81,41985.66667,34.17,41985.66667,51.69,41985.66667,219000,41985.66667,86.6,41985.66667,267,41985.66667,319.95,41985.66667,18
12/19/2014 16:00:00,111.78,41992.66667,299.9,41992.66667,4.5,41992.66667,35.31,41992.66667,53.4,41992.66667,227886,41992.66667,93.64,41992.66667,279.88,41992.66667,340.2,41992.66667,18.69
12/26/2014 16:00:00,113.99,41999.66667,309.09,41999.66667,4.73,41999.66667,36.12,41999.66667,53.75,41999.66667,226500,41999.66667,93.21,41999.66667,284.01,41999.66667,369.3,41999.66667,19.23
1/2/2015 16:00:00,109.33,42006.66667,308.52,42006.66667,4.61,42006.66667,35.56,42006.66667,52.5,42006.66667,223600,42006.66667,92.83,42006.66667,288.3,42006.66667,375.3,42006.66667,19.03
1/9/2015 16:00:00,112.01,42013.66667,296.93,42013.66667,4.53,42013.66667,35.13,42013.66667,51.55,42013.66667,224675,42013.66667,92.1,42013.66667,278.81,42013.66667,351.6,42013.66667,18.55
1/16/2015 16:00:00,105.99,42020.66667,290.74,42020.66667,4.5,42020.66667,34.82,42020.66667,51.59,42020.66667,223615,42020.66667,91.12,42020.66667,281.96,42020.66667,319.2,42020.66667,18.72
1/23/2015 16:00:00,112.98,42027.66667,312.39,42027.66667,4.5,42027.66667,34.45,42027.66667,52.13,42027.66667,223751,42027.66667,90.89,42027.66667,293.58,42027.66667,324.6,42027.66667,19.21
1/30/2015 16:00:00,117.16,42034.66667,354.53,42034.66667,4.23,42034.66667,33.77,42034.66667,45.83,42034.66667,215865,42034.66667,87.42,42034.66667,286.11,42034.66667,307.8,42034.66667,18.12
2/6/2015 16:00:00,118.93,42041.66667,374.28,42041.66667,4.35,42041.66667,30.67,42041.66667,48.47,42041.66667,224880,42041.66667,91.5,42041.66667,317.92,42041.66667,339.15,42041.66667,18.24
2/13/2015 16:00:00,127.08,42048.66667,381.83,42048.66667,4.68,42048.66667,31.63,42048.66667,49.95,42048.66667,222555,42048.66667,93.37,42048.66667,323,42048.66667,345,42048.66667,16.19
2/20/2015 16:00:00,129.495,42055.66667,383.66,42055.66667,4.43,42055.66667,32.22,42055.66667,50.37,42055.66667,223100,42055.66667,89.92,42055.66667,321.8,42055.66667,348,42055.66667,16.53
2/27/2015 16:00:00,128.46,42062.66667,380.16,42062.66667,4.37,42062.66667,32.24,42062.66667,50.44,42062.66667,221180,42062.66667,88.54,42062.66667,326.82,42062.66667,346.05,42062.66667,16.12
3/6/2015 16:00:00,126.6,42069.66667,380.09,42069.66667,4.43,42069.66667,31.51,42069.66667,53.26,42069.66667,218810.99,42069.66667,85.63,42069.66667,320.63,42069.66667,332.25,42069.66667,15.88
3/13/2015 16:00:00,123.59,42076.66667,370.58,42076.66667,4.3,42076.66667,32.69,42076.66667,53.49,42076.66667,217118,42076.66667,83.87,42076.66667,323.96,42076.66667,319.5,42076.66667,15.58
3/20/2015 16:00:00,125.9,42083.66667,378.49,42083.66667,4.1,42083.66667,33.01,42083.66667,55.45,42083.66667,218300,42083.66667,84.54,42083.66667,326.16,42083.66667,325.2,42083.66667,16.16
3/27/2015 16:00:00,123.25,42090.66667,370.56,42090.66667,4.535,42090.66667,32.24,42090.66667,53.95,42090.66667,217000.1,42090.66667,83.58,42090.66667,327.97,42090.66667,312.45,42090.66667,16.03
4/2/2015 16:00:00,125.32,42096.66667,372.25,42096.66667,4.96,42096.66667,32.96,42096.66667,53.33,42096.66667,216500,42096.66667,84.3,42096.66667,326.95,42096.66667,318.3,42096.66667,17.07
4/10/2015 16:00:00,127.1,42104.66667,382.65,42104.66667,6.03,42104.66667,32.92,42104.66667,55.1,42104.66667,215211,42104.66667,85.56,42104.66667,326.99,42104.66667,308.4,42104.66667,17.44
4/17/2015 16:00:00,124.75,42111.66667,375.56,42111.66667,5.2,42111.66667,31.99,42111.66667,55.7,42111.66667,212982,42111.66667,86.93,42111.66667,323.24,42111.66667,315.75,42111.66667,17.24
4/24/2015 16:00:00,130.28,42118.66667,445.1,42118.66667,5.4,42118.66667,30,42118.66667,55.99,42118.66667,214490,42118.66667,86.97,42118.66667,326.6,42118.66667,317.85,42118.66667,16.83
5/1/2015 16:00:00,128.95,42125.66667,422.87,42125.66667,5.47,42125.66667,30.25,42125.66667,53.95,42125.66667,215800,42125.66667,88.85,42125.66667,328.2,42125.66667,335.55,42125.66667,16.31
5/8/2015 16:00:00,127.62,42132.66667,433.69,42132.66667,5.37,42132.66667,30.72,42132.66667,54.81,42132.66667,222880,42132.66667,88.99,42132.66667,326.9,42132.66667,314.1,42132.66667,16.28
5/15/2015 16:00:00,128.77,42139.66667,426,42139.66667,5.25,42139.66667,31.03,42139.66667,55.86,42139.66667,218640,42139.66667,87.35,42139.66667,327.61,42139.66667,309,42139.66667,18.83
5/22/2015 16:00:00,132.54,42146.66667,427.63,42146.66667,5.38,42146.66667,30.6,42146.66667,56.4,42146.66667,217000,42146.66667,86.52,42146.66667,328.82,42146.66667,315.75,42146.66667,18.79
5/29/2015 16:00:00,130.28,42153.66667,429.23,42153.66667,5.66,42153.66667,30.99,42153.66667,55.17,42153.66667,214800,42153.66667,85.2,42153.66667,329,42153.66667,298.35,42153.66667,18.42
6/5/2015 16:00:00,128.65,42160.66667,426.95,42160.66667,5.46,42160.66667,31.28,42160.66667,56.12,42160.66667,211560,42160.66667,84.28,42160.66667,324.96,42160.66667,306.15,42160.66667,17.87
6/12/2015 16:00:00,127.17,42167.66667,429.92,42167.66667,5.56,42167.66667,31.05,42167.66667,56.71,42167.66667,210760,42167.66667,84.02,42167.66667,328.6,42167.66667,313.5,42167.66667,17.62
6/19/2015 16:00:00,126.6,42174.66667,434.92,42174.66667,5.63,42174.66667,31.15,42174.66667,58.09,42174.66667,212199.9,42174.66667,85.21,42174.66667,328,42174.66667,307.5,42174.66667,17.37
6/26/2015 16:00:00,126.75,42181.66667,438.1,42181.66667,5.64,42181.66667,30.81,42181.66667,57.14,42181.66667,209900,42181.66667,83.86,42181.66667,325.12,42181.66667,286.2,42181.66667,16.48
7/2/2015 16:00:00,126.44,42187.66667,437.71,42187.66667,5.28,42187.66667,30.09,42187.66667,56.38,42187.66667,205923,42187.66667,83.14,42187.66667,329.6,42187.66667,258.75,42187.66667,16.16
7/10/2015 16:00:00,123.28,42195.66667,443.51,42195.66667,4.99,42195.66667,28.82,42195.66667,56.04,42195.66667,209800,42195.66667,82.22,42195.66667,329.3,42195.66667,253.05,42195.66667,16.79
7/17/2015 16:00:00,129.62,42202.66667,483.01,42202.66667,4.92,42202.66667,29.53,42202.66667,57.23,42202.66667,215960,42202.66667,82.61,42202.66667,336.47,42202.66667,285.15,42202.66667,17.59
7/24/2015 16:00:00,124.5,42209.66667,529.42,42209.66667,4.82,42209.66667,33.8,42209.66667,56.45,42209.66667,212032.32,42209.66667,79.94,42209.66667,343.76,42209.66667,238.95,42209.66667,17.2
7/31/2015 16:00:00,121.3,42216.66667,536.15,42216.66667,4.45,42216.66667,33.49,42216.66667,58.08,42216.66667,214000,42216.66667,79.21,42216.66667,359.37,42216.66667,254.85,42216.66667,17.8
8/7/2015 16:00:00,115.52,42223.66667,522.62,42223.66667,4.44,42223.66667,32.97,42223.66667,56.51,42223.66667,215462.76,42223.66667,76.83,42223.66667,367.41,42223.66667,238.95,42223.66667,17.73
8/14/2015 16:00:00,115.96,42230.66667,531.52,42230.66667,4.8,42230.66667,32.65,42230.66667,56.06,42230.66667,213981,42230.66667,78.36,42230.66667,383.4,42230.66667,272.55,42230.66667,16.99
8/21/2015 16:00:00,105.76,42237.66667,494.47,42237.66667,4.23,42237.66667,29.94,42237.66667,53.58,42237.66667,202500,42237.66667,72.13,42237.66667,363.52,42237.66667,259.5,42237.66667,16.84
8/28/2015 16:00:00,113.29,42244.66667,518.01,42244.66667,4.35,42244.66667,30.1,42244.66667,53.45,42244.66667,205344,42244.66667,75.07,42244.66667,376.5,42244.66667,274.5,42244.66667,16.81
9/4/2015 16:00:00,109.27,42251.66667,499,42251.66667,4.23,42251.66667,28.8,42251.66667,52.01,42251.66667,196501,42251.66667,72.46,42251.66667,369,42251.66667,264.15,42251.66667,16.59
9/11/2015 16:00:00,114.21,42258.66667,529.44,42258.66667,4.45,42258.66667,29.03,42258.66667,52.33,42258.66667,198329,42258.66667,72.69,42258.66667,375.01,42258.66667,274.65,42258.66667,16.31
9/18/2015 16:00:00,113.45,42265.66667,540.26,42265.66667,4.45,42265.66667,29.72,42265.66667,51.78,42265.66667,192200,42265.66667,72.68,42265.66667,383.47,42265.66667,271.95,42265.66667,17.54
9/25/2015 16:00:00,114.71,42272.66667,524.25,42272.66667,4.45,42272.66667,29.29,42272.66667,51.16,42272.66667,194620,42272.66667,73.23,42272.66667,407.01,42272.66667,266.7,42272.66667,17.63
10/2/2015 16:00:00,110.38,42279.66667,532.54,42279.66667,4.68,42279.66667,29.25,42279.66667,52.05,42279.66667,195500,42279.66667,75.88,42279.66667,395.53,42279.66667,262.5,42279.66667,16.64
10/9/2015 16:00:00,112.12,42286.66667,539.8,42286.66667,4.75,42286.66667,32.32,42286.66667,53.3,42286.66667,199650,42286.66667,79.26,42286.66667,400.04,42286.66667,288,42286.66667,17.91
10/16/2015 16:00:00,111.04,42293.66667,570.76,42293.66667,4.87,42293.66667,32.3,42293.66667,53.2,42293.66667,200469,42293.66667,82.48,42293.66667,397.37,42293.66667,286.5,42293.66667,18.34
10/23/2015 16:00:00,119.08,42300.66667,599.03,42300.66667,4.73,42300.66667,41.85,42300.66667,54.45,42300.66667,206584,42300.66667,82.98,42300.66667,396.95,42300.66667,288.3,42300.66667,18.31
10/30/2015 16:00:00,119.5,42307.66667,625.9,42307.66667,4.65,42307.66667,41.4,42307.66667,53.62,42307.66667,204596,42307.66667,82.74,42307.66667,406.31,42307.66667,292.5,42307.66667,18.11
11/6/2015 16:00:00,121.06,42314.66667,659.37,42314.66667,4.81,42314.66667,44.48,42314.66667,53.4,42314.66667,203100,42314.66667,84.47,42314.66667,410.99,42314.66667,282.15,42314.66667,17.94
11/13/2015 16:00:00,112.34,42321.66667,642.35,42321.66667,5.22,42321.66667,43.04,42321.66667,51.27,42321.66667,197825,42321.66667,78.1,42321.66667,418.95,42321.66667,238.35,42321.66667,18.49
11/20/2015 16:00:00,119.3,42328.66667,668.45,42328.66667,5.6,42328.66667,43.23,42328.66667,52.76,42328.66667,204600,42328.66667,79.79,42328.66667,432.24,42328.66667,248.25,42328.66667,18.81
11/27/2015 16:00:00,117.81,42335.66667,673.26,42335.66667,5.29,42335.66667,43.99,42335.66667,53.23,42335.66667,201624,42335.66667,81.23,42335.66667,434.11,42335.66667,241.2,42335.66667,18.97
12/4/2015 16:00:00,119.03,42342.66667,672.64,42342.66667,5.14,42342.66667,45.5,42342.66667,53.32,42342.66667,204500,42342.66667,78.86,42342.66667,403.09,42342.66667,216.6,42342.66667,18.72
12/11/2015 16:00:00,113.18,42349.66667,640.15,42349.66667,4.96,42349.66667,43.65,42349.66667,48.78,42349.66667,195756.87,42349.66667,74.34,42349.66667,379.66,42349.66667,214.8,42349.66667,17.17
12/18/2015 16:00:00,106.03,42356.66667,664.14,42356.66667,5.13,42356.66667,42.74,42356.66667,47.81,42356.66667,194720,42356.66667,77.28,42356.66667,387.45,42356.66667,214.35,42356.66667,17.14
12/24/2015 16:00:00,108.03,42362.66667,662.79,42362.66667,5.18,42362.66667,43.03,42362.66667,48.46,42362.66667,201137,42362.66667,79.33,42362.66667,395,42362.66667,221.85,42362.66667,17.84
12/31/2015 16:00:00,105.26,42369.66667,675.89,42369.66667,5.05,42369.66667,41.91,42369.66667,47.42,42369.66667,197800,42369.66667,77.95,42369.66667,389.5,42369.66667,213.45,42369.66667,17.15
1/8/2016 16:00:00,96.96,42377.66667,607.05,42377.66667,4.62,42377.66667,37.08,42377.66667,43.81,42377.66667,193900,42377.66667,74.69,42377.66667,361.9,42377.66667,177.75,42377.66667,17.71
1/15/2016 16:00:00,97.13,42384.66667,570.18,42384.66667,4.48,42384.66667,36.37,42384.66667,43.05,42384.66667,190000,42384.66667,77.58,42384.66667,352.5,42384.66667,145.8,42384.66667,18.07
1/22/2016 16:00:00,101.42,42391.66667,596.38,42391.66667,4.45,42391.66667,37.27,42391.66667,43.26,42391.66667,191395.99,42391.66667,76.57,42391.66667,357.46,42391.66667,146.25,42391.66667,18.9
1/29/2016 16:00:00,97.34,42398.66667,587,42398.66667,4.31,42398.66667,37.37,42398.66667,44.83,42398.66667,194360.05,42398.66667,77.85,42398.66667,366.65,42398.66667,136.2,42398.66667,19.98
2/5/2016 16:00:00,94.02,42405.66667,502.13,42405.66667,4.34,42405.66667,35.16,42405.66667,33.48,42405.66667,190820,42405.66667,80.08,42405.66667,323.91,42405.66667,124.95,42405.66667,19.3
2/12/2016 16:00:00,93.99,42412.66667,507.08,42412.66667,4.17,42412.66667,36.3,42412.66667,35.06,42412.66667,193999,42412.66667,81.03,42412.66667,320.61,42412.66667,112.35,42412.66667,20.67
2/19/2016 16:00:00,96.04,42419.66667,534.9,42419.66667,4.17,42419.66667,39.88,42419.66667,36.67,42419.66667,197310.25,42419.66667,82.5,42419.66667,343.19,42419.66667,124.5,42419.66667,20.47
2/26/2016 16:00:00,96.91,42426.66667,555.23,42426.66667,4.24,42426.66667,39.2,42426.66667,37.79,42426.66667,198190.5,42426.66667,81.75,42426.66667,348.71,42426.66667,124.05,42426.66667,19.29
3/4/2016 16:00:00,103.01,42433.66667,575.14,42433.66667,4.5,42433.66667,40.7,42433.66667,38.52,42433.66667,207945,42433.66667,82.29,42433.66667,350.42,42433.66667,157.05,42433.66667,19.32
3/11/2016 16:00:00,102.26,42440.66667,569.61,42440.66667,4.4,42440.66667,40.21,42440.66667,37.79,42440.66667,211600,42440.66667,82.19,42440.66667,346.7,42440.66667,166.2,42440.66667,19.44
3/18/2016 16:00:00,105.92,42447.66667,552.08,42447.66667,4.4,42447.66667,39.99,42447.66667,37.32,42447.66667,213330,42447.66667,84.2,42447.66667,347.61,42447.66667,171.75,42447.66667,19.58
3/24/2016 16:00:00,105.67,42453.66667,582.95,42453.66667,4.4,42453.66667,39.53,42453.66667,37.48,42453.66667,210530,42453.66667,83.98,42453.66667,345.03,42453.66667,157.65,42453.66667,17.15
4/1/2016 16:00:00,109.99,42461.66667,598.5,42461.66667,4.44,42461.66667,40.51,42461.66667,39.36,42461.66667,215740,42461.66667,82.96,42461.66667,360.33,42461.66667,153,42461.66667,17.36
4/8/2016 16:00:00,108.66,42468.66667,594.6,42468.66667,4.35,42468.66667,39.03,42468.66667,37.58,42468.66667,211705,42468.66667,83.21,42468.66667,338.49,42468.66667,145.5,42468.66667,17.22
4/15/2016 16:00:00,109.85,42475.66667,625.89,42475.66667,4.43,42475.66667,38.93,42475.66667,38.08,42475.66667,215110,42475.66667,84.97,42475.66667,345,42475.66667,130.5,42475.66667,17.41
4/22/2016 16:00:00,105.68,42482.66667,620.5,42482.66667,4.31,42482.66667,39.4,42482.66667,39.27,42482.66667,219038,42482.66667,87.53,42482.66667,357.1,42482.66667,137.55,42482.66667,16.67
4/29/2016 16:00:00,93.74,42489.66667,659.59,42489.66667,4.14,42489.66667,42.4,42489.66667,38.45,42489.66667,219000,42489.66667,88.4,42489.66667,352,42489.66667,138.9,42489.66667,17.23
5/6/2016 16:00:00,92.72,42496.66667,673.95,42496.66667,3.98,42496.66667,41.18,42496.66667,42.42,42496.66667,216999.99,42496.66667,88.51,42496.66667,358,42496.66667,135,42496.66667,18.07
5/13/2016 16:00:00,90.52,42503.66667,709.92,42503.66667,4.03,42503.66667,42.01,42503.66667,42.18,42503.66667,212140,42503.66667,88.66,42503.66667,357.34,42503.66667,115.5,42503.66667,18.58
5/20/2016 16:00:00,95.22,42510.66667,702.8,42510.66667,4.12,42510.66667,42.55,42510.66667,42.65,42510.66667,212833,42510.66667,89.74,42510.66667,368.25,42510.66667,130.5,42510.66667,18.02
5/27/2016 16:00:00,100.35,42517.66667,712.24,42517.66667,4.2,42517.66667,44.58,42517.66667,44.31,42517.66667,214303,42517.66667,90.01,42517.66667,373.44,42517.66667,138.6,42517.66667,18.52
6/3/2016 16:00:00,97.92,42524.66667,725.54,42524.66667,4.26,42524.66667,45.51,42524.66667,45.31,42524.66667,211615,42524.66667,88.37,42524.66667,373.67,42524.66667,150.75,42524.66667,18.66
6/10/2016 16:00:00,98.83,42531.66667,717.91,42531.66667,4.17,42531.66667,46.26,42531.66667,44.57,42531.66667,212622,42531.66667,89.98,42531.66667,369.25,42531.66667,160.2,42531.66667,17.78
6/17/2016 16:00:00,95.33,42538.66667,706.39,42538.66667,3.93,42538.66667,46.69,42538.66667,44.13,42538.66667,211200,42538.66667,90.72,42538.66667,355.6,42538.66667,157.95,42538.66667,17.58
6/24/2016 16:00:00,93.4,42545.66667,698.96,42545.66667,3.94,42545.66667,46.32,42545.66667,42.98,42545.66667,209852,42545.66667,89.39,42545.66667,364.8,42545.66667,160.95,42545.66667,17.45
7/1/2016 16:00:00,95.89,42552.66667,725.68,42552.66667,4.07,42552.66667,47.89,42552.66667,43.42,42552.66667,216298,42552.66667,93.84,42552.66667,370.92,42552.66667,33.05,42552.66667,18.11
7/8/2016 16:00:00,96.68,42559.66667,745.81,42559.66667,4.05,42559.66667,49.07,42559.66667,44.81,42559.66667,214720,42559.66667,93.54,42559.66667,385.73,42559.66667,31.88,42559.66667,19.2
7/15/2016 16:00:00,98.78,42566.66667,735.44,42566.66667,4.18,42566.66667,49.5,42566.66667,46.73,42566.66667,218990,42566.66667,95.12,42566.66667,386.69,42566.66667,33.47,42566.66667,18.59
7/22/2016 16:00:00,98.66,42573.66667,744.86,42573.66667,4.2,42573.66667,49.185,42573.66667,47.39,42573.66667,216805,42573.66667,94.01,42573.66667,390,42573.66667,35.24,42573.66667,18.55
7/29/2016 16:00:00,104.21,42580.66667,758.81,42580.66667,4.06,42580.66667,51.43,42580.66667,48.24,42580.66667,216000,42580.66667,88.95,42580.66667,395.51,42580.66667,35.35,42580.66667,18.46
8/5/2016 16:00:00,107.48,42587.66667,765.98,42587.66667,4.19,42587.66667,52.96,42587.66667,50.86,42587.66667,218010,42587.66667,87.56,42587.66667,355.81,42587.66667,37.15,42587.66667,18.82
8/12/2016 16:00:00,108.18,42594.66667,772.56,42594.66667,4.91,42594.66667,54.77,42594.66667,50.49,42594.66667,221750,42594.66667,87.85,42594.66667,347.98,42594.66667,32.63,42594.66667,17.47
8/19/2016 16:00:00,109.36,42601.66667,757.31,42601.66667,5.15,42601.66667,56.07,42601.66667,50.15,42601.66667,223040,42601.66667,87.8,42601.66667,350.5,42601.66667,33.22,42601.66667,16.79
8/26/2016 16:00:00,106.94,42608.66667,769,42608.66667,5.34,42608.66667,57.065,42608.66667,50.05,42608.66667,222040,42608.66667,87.27,42608.66667,337.06,42608.66667,32.82,42608.66667,16.71
9/2/2016 16:00:00,107.73,42615.66667,772.44,42615.66667,5.69,42615.66667,57.51,42615.66667,51.44,42615.66667,226050,42615.66667,87.42,42615.66667,347.74,42615.66667,34.55,42615.66667,17.25
9/9/2016 16:00:00,103.13,42622.66667,760.14,42622.66667,5.49,42622.66667,57.06,42622.66667,49.64,42622.66667,220109.99,42622.66667,86.84,42622.66667,331.42,42622.66667,34.39,42622.66667,15.88
9/16/2016 16:00:00,114.92,42629.66667,778.52,42629.66667,5.61,42629.66667,57.61,42629.66667,49.69,42629.66667,218400,42629.66667,84.03,42629.66667,321.32,42629.66667,34,42629.66667,16.28
9/23/2016 16:00:00,112.71,42636.66667,805.75,42636.66667,5.54,42636.66667,59.51,42636.66667,51.46,42636.66667,217750,42636.66667,83.45,42636.66667,337.54,42636.66667,33.36,42636.66667,16.5
9/30/2016 16:00:00,113.05,42643.66667,837.31,42643.66667,5.57,42643.66667,60.49,42643.66667,51.96,42643.66667,216220,42643.66667,87.28,42643.66667,324.23,42643.66667,33.7,42643.66667,16.4
10/7/2016 16:00:00,114.06,42650.66667,839.43,42650.66667,5.82,42650.66667,55.23,42650.66667,51.71,42650.66667,216640,42650.66667,86.74,42650.66667,334.93,42650.66667,33.61,42650.66667,16.23
10/14/2016 16:00:00,117.63,42657.66667,822.96,42657.66667,6.06,42657.66667,51.78,42657.66667,51.02,42657.66667,216370,42657.66667,86.54,42657.66667,333.85,42657.66667,30.18,42657.66667,16.33
10/21/2016 16:00:00,116.6,42664.66667,818.99,42664.66667,6.24,42664.66667,53.4,42664.66667,50.99,42664.66667,215600,42664.66667,86.62,42664.66667,330.96,42664.66667,29.29,42664.66667,16.61
10/28/2016 16:00:00,113.72,42671.66667,776.32,42671.66667,6.05,42671.66667,50.1,42671.66667,51.18,42671.66667,216200,42671.66667,84.78,42671.66667,319.68,42671.66667,28.97,42671.66667,18.49
11/4/2016 16:00:00,108.84,42678.66667,755.05,42678.66667,6.94,42678.66667,49.45,42678.66667,45.84,42678.66667,214545,42678.66667,83.57,42678.66667,315.47,42678.66667,30.54,42678.66667,18.46
11/11/2016 16:00:00,108.43,42685.66667,739.01,42685.66667,7.17,42685.66667,51.75,42685.66667,52.55,42685.66667,234860,42685.66667,85.67,42685.66667,325.77,42685.66667,38.2,42685.66667,18.71
11/18/2016 16:00:00,110.06,42692.66667,760.16,42692.66667,6.81,42692.66667,51.35,42692.66667,54,42692.66667,236391,42692.66667,85.28,42692.66667,343.73,42692.66667,37.06,42692.66667,19.78
11/25/2016 13:00:00,111.79,42699.54167,780.37,42699.54167,6.74,42699.54167,52.45,42699.54167,53.64,42699.54167,237085,42699.54167,87.12,42699.54167,345,42699.54167,39.94,42699.54167,20.01
12/2/2016 16:00:00,109.9,42706.66667,740.34,42706.66667,6.38,42706.66667,53.25,42706.66667,51.25,42706.66667,239070,42706.66667,87.04,42706.66667,348.64,42706.66667,39.87,42706.66667,19.2
12/9/2016 16:00:00,113.95,42713.66667,768.66,42713.66667,5.96,42713.66667,58.6,42713.66667,55.36,42713.66667,247190,42713.66667,89,42713.66667,372.06,42713.66667,40.81,42713.66667,20.9
12/16/2016 16:00:00,115.97,42720.66667,757.77,42720.66667,6.55,42720.66667,55.6,42720.66667,54.61,42720.66667,246405,42720.66667,91.18,42720.66667,369.99,42720.66667,41.4,42720.66667,21.97
12/23/2016 16:00:00,116.52,42727.66667,760.59,42727.66667,6.87,42727.66667,54.55,42727.66667,54.24,42727.66667,248000,42727.66667,90.71,42727.66667,371.16,42727.66667,40.8,42727.66667,21.52
12/30/2016 16:00:00,115.82,42734.66667,749.87,42734.66667,7.62,42734.66667,54.35,42734.66667,54.76,42734.66667,244121,42734.66667,90.26,42734.66667,369.59,42734.66667,40.16,42734.66667,21.78
1/6/2017 16:00:00,117.91,42741.66667,795.99,42741.66667,7.41,42741.66667,56.6,42741.66667,55.06,42741.66667,245394,42741.66667,88.5,42741.66667,370.12,42741.66667,40,42741.66667,21.58
1/13/2017 16:00:00,119.04,42748.66667,817.14,42748.66667,6.98,42748.66667,55.25,42748.66667,56.39,42748.66667,242500.05,42748.66667,86.35,42748.66667,369.09,42748.66667,41.67,42748.66667,20.92
1/20/2017 16:00:00,120,42755.66667,808.33,42755.66667,6.93,42755.66667,54.7,42755.66667,55.14,42755.66667,240280,42755.66667,85.89,42755.66667,368.54,42755.66667,43.12,42755.66667,19.84
1/27/2017 16:00:00,121.95,42762.66667,835.77,42762.66667,6.95,42762.66667,57,42762.66667,57.12,42762.66667,246999.99,42762.66667,85.51,42762.66667,380.65,42762.66667,49.37,42762.66667,20.14
2/3/2017 16:00:00,129.08,42769.66667,810.2,42769.66667,6.91,42769.66667,57,42769.66667,53.67,42769.66667,245646,42769.66667,83.54,42769.66667,375.44,42769.66667,52.06,42769.66667,20.22
2/10/2017 16:00:00,132.12,42776.66667,827.46,42776.66667,7.3,42776.66667,54.35,42776.66667,53.63,42776.66667,246000,42776.66667,82.52,42776.66667,373.69,42776.66667,50.71,42776.66667,20.7
2/17/2017 16:00:00,135.72,42783.66667,845.07,42783.66667,6.94,42783.66667,56.2,42783.66667,54.57,42783.66667,252838,42783.66667,81.76,42783.66667,381.21,42783.66667,49.49,42783.66667,18.53
2/24/2017 16:00:00,136.66,42790.66667,845.24,42790.66667,6.68,42790.66667,55.9,42790.66667,54.67,42790.66667,255040,42790.66667,81.08,42790.66667,384.19,42790.66667,49.75,42790.66667,18.45
3/3/2017 16:00:00,139.78,42797.66667,849.88,42797.66667,6.56,42797.66667,54.55,42797.66667,53.6,42797.66667,263160,42797.66667,82.46,42797.66667,382.2,42797.66667,47.4,42797.66667,18.43
3/10/2017 16:00:00,139.14,42804.66667,852.46,42804.66667,6.53,42804.66667,53.35,42804.66667,54.12,42804.66667,262491,42804.66667,81.61,42804.66667,375.46,42804.66667,46.53,42804.66667,18.54
3/17/2017 16:00:00,139.99,42811.66667,852.31,42811.66667,6.89,42811.66667,54.15,42811.66667,54.46,42811.66667,258952,42811.66667,82,42811.66667,372.68,42811.66667,48.29,42811.66667,19.31
3/24/2017 16:00:00,140.64,42818.66667,845.61,42818.66667,6.57,42818.66667,51.45,42818.66667,52.99,42818.66667,252301,42818.66667,81.23,42818.66667,373.7,42818.66667,46.59,42818.66667,19.05
3/31/2017 16:00:00,143.66,42825.66667,886.54,42825.66667,6.28,42825.66667,49.55,42825.66667,54.11,42825.66667,249850,42825.66667,82.01,42825.66667,381.19,42825.66667,48.89,42825.66667,19.66
4/7/2017 16:00:00,143.34,42832.66667,894.88,42832.66667,6.23,42832.66667,49.1,42832.66667,52.77,42832.66667,249465,42832.66667,82.76,42832.66667,361.19,42832.66667,48.39,42832.66667,19.55
4/13/2017 16:00:00,141.05,42838.66667,884.67,42838.66667,5.96,42838.66667,49.35,42838.66667,51.47,42838.66667,245000,42838.66667,81.69,42838.66667,359.99,42838.66667,47.08,42838.66667,19.52
4/21/2017 16:00:00,142.27,42846.66667,898.53,42846.66667,5.96,42846.66667,50.6,42846.66667,53.07,42846.66667,245550,42846.66667,80.69,42846.66667,364.55,42846.66667,45.63,42846.66667,19.74
4/28/2017 16:00:00,143.65,42853.66667,924.99,42853.66667,6.29,42853.66667,47.15,42853.66667,54.6,42853.66667,247780,42853.66667,81.65,42853.66667,374.46,42853.66667,45.47,42853.66667,19.74
5/5/2017 16:00:00,148.96,42860.66667,934.15,42860.66667,6.1,42860.66667,45.35,42860.66667,54.93,42860.66667,250000,42860.66667,82.02,42860.66667,369.46,42860.66667,45.6,42860.66667,19.23
5/12/2017 16:00:00,156.1,42867.66667,961.35,42867.66667,5.41,42867.66667,44.6,42867.66667,54.03,42867.66667,245220,42867.66667,82.55,42867.66667,362.14,42867.66667,42.06,42867.66667,18.91
5/19/2017 16:00:00,153.06,42874.66667,959.84,42874.66667,5.45,42874.66667,43.05,42874.66667,52.65,42874.66667,244910,42874.66667,81.93,42874.66667,378.74,42874.66667,35.6,42874.66667,18.14
5/26/2017 16:00:00,153.61,42881.66667,995.78,42881.66667,5.33,42881.66667,42.5,42881.66667,53.06,42881.66667,248540,42881.66667,81.55,42881.66667,348.29,42881.66667,36.56,42881.66667,18.45
6/2/2017 16:00:00,155.45,42888.66667,1006.73,42888.66667,5.16,42888.66667,43.35,42888.66667,55.33,42888.66667,249660,42888.66667,79.5,42888.66667,356.45,42888.66667,38.82,42888.66667,18.33
6/9/2017 16:00:00,148.98,42895.66667,978.31,42895.66667,4.95,42895.66667,45.2,42895.66667,56.09,42895.66667,254965,42895.66667,82.13,42895.66667,358.11,42895.66667,38.39,42895.66667,17.87
6/16/2017 16:00:00,142.27,42902.66667,987.71,42902.66667,5.68,42902.66667,43.35,42902.66667,53.92,42902.66667,256450.1,42902.66667,83.49,42902.66667,350.95,42902.66667,37.37,42902.66667,18.01
6/23/2017 16:00:00,146.28,42909.66667,1003.74,42909.66667,5.37,42909.66667,43.95,42909.66667,53.05,42909.66667,251800,42909.66667,81.61,42909.66667,340.72,42909.66667,37.54,42909.66667,17.71
6/30/2017 16:00:00,144.02,42916.66667,968,42916.66667,5.7,42916.66667,43.1,42916.66667,52.31,42916.66667,254700,42916.66667,80.73,42916.66667,366.06,42916.66667,39.32,42916.66667,17